cycle, capacity_loss
0, 0
34.61593021470752, 0.7951932251213067
89.72419730007557, 1.2429951399806072
148.92277019162196, 1.5617160279592
