cycle, capacity_loss
0, 0
43.38498212157333, 0.31323003575685426
98.45053635280098, 0.6467964062859952
156.85339690107273, 0.9703268196432324
