cycle, capacity_loss
0, 0
80.92967818831943, 1.4129305595897472
198.56972586412397, 2.3524403802045244
362.9320619785459, 3.322875371841228
586.5315852205007, 4.536180527037991
